census_tract,Surge_threshold,alpha_d,alpha_a,alpha_p,alpha_r,mew_a,mew_p,U_rate
34003002100,2.912391017,24.99940395,0.001813312,3.901945801,0.001025625,0.087507663,0.00100947,0.010040615
34003016000,3.242899348,24.99312325,0.001641329,3.280244354,0.001224649,0.14286079,0.001000985,0.010419662
34003055100,1.857479029,24.99961259,24.99812955,4.999920951,0.002472827,0.068771235,0.059676594,0.010241611
34017010800,1.87530276,21.08780475,10.26572475,0.002144482,0.038195618,0.075698905,0.04678636,0.010652945
34017011400,2.112998429,24.99999379,16.38104442,0.13697029,0.012225688,0.082247725,0.025944689,0.010395235
34017011500,1.986553473,25,9.237407624,2.676591325,0.011889076,0.094540783,0.013787201,0.010018011
34023003401,2.103189005,16.00681883,0.001509729,3.251765281,0.114505836,0.042890563,0.014414955,0.018604357
34023003600,1.73689299,20.78958728,3.145336595,0.001422759,0.076799984,0.064374228,0.06433431,0.021612081
34023005000,2.333163029,24.99909466,0.449590354,1.115538022,0.042982934,0.100241174,0.033930417,0.01
34023007402,2.095342724,24.99986239,9.59039801,4.845079906,0.010365546,0.084970682,0.127693019,0.010067736
34023007500,1.332064661,24.99976549,24.08504675,0.001367437,0.001819928,0.113978402,0.299996186,0.010071649
34023007600,2.154786311,14.67687847,3.104262801,0.001197274,0.044856709,0.056472241,0.059479414,0.01
34023008001,2.098628049,17.90824091,0.001926122,0.002305055,0.065005329,0.05088708,0.03850553,0.021303858
34023009100,1.983377891,24.06220625,5.442658468,4.218695988,0.022922299,0.072631912,0.021850806,0.011907185
34025800100,1.127679915,4.192902431,11.9488646,4.654964934,0.269787987,0.129946051,0.001020056,1.133598962
34025800200,2.071945064,13.84348637,5.027697188,0.001254923,0.050213544,0.04396447,0.023803327,0.031399167
34025800400,2.058690102,10.06173767,2.47629186,2.481052966,0.154920437,0.028007735,0.098385948,2.710511573
34025800500,1.48191599,10.56887715,10.09093082,0.236136453,0.241430799,0.102868615,0.023223375,2.999872221
34025800601,2.08186079,24.04785772,7.689486574,4.780128499,0.374609457,0.001005042,0.06627346,2.460621738
34025801600,2.154196563,20.35900279,2.994191219,1.769580294,0.869272027,0.001040478,0.08362223,1.197808577
34025801700,1.227329269,2.780188589,18.86499922,3.22095569,0.964164553,0.139714623,0.001141271,0.848239556
34025801800,1.153170145,2.157341347,24.99765092,4.098568336,0.999992434,0.088714321,0.006745877,2.433477034
34025801900,1.976570448,17.80369304,3.476522976,0.004194037,0.07377097,0.044627443,0.028234269,0.31299434
34025802500,1.131734874,19.10084811,17.23110033,0.001285673,0.010010569,0.091825907,0.079438521,0.010915901
34025812100,1.242319281,2.028551019,10.07663995,1.727492965,0.999208665,0.064601317,0.003716654,1.988585432
34039030500,1.584951296,24.9990419,1.345990662,4.999947711,0.046633035,0.107462218,0.299998855,0.010177094
34039035400,2.002990323,15.9830071,2.860876323,3.983945993,0.128062839,0.044140564,0.058074281,0.076694802
36001000100,1.860032373,24.99925736,24.99945617,3.619880695,0.002727397,0.067200408,0.001081164,0.010072712
36001013100,1.76314534,6.862589255,0.001094182,0.001889887,0.005471865,0.016380005,0.003141514,0.435553003
36001013400,1.815027816,24.99631382,24.99931852,4.999874972,0.002344749,0.052296513,0.003707933,0.038483435
36001013602,1.960852019,24.99927757,24.99969357,4.999665144,0.003553197,0.083602791,0.048729376,0.01001098
36001014401,1.671105436,24.99918815,5.978195013,4.999980366,0.013583376,0.068117114,0.021396784,0.01014574
36021000500,1.755917511,24.99622932,0.584124314,0.215647424,0.018127419,0.080634971,0.039379463,0.010061696
36021000600,1.356982784,24.99456073,17.63196339,1.868332389,0.002553214,0.07599281,0.003531164,0.010244725
36021001100,2.89880818,24.99913334,24.99494859,3.624543825,0.001023122,0.118781917,0.001000788,0.01016854
36021001900,2.112278406,24.99942609,7.949136678,0.00362048,0.003741687,0.114313824,0.299878095,0.010353107
36021002000,2.324564417,24.99996388,0.002085237,3.037098504,0.001015178,0.064952233,0.001020343,0.010053467
36027060202,1.763206305,24.99297898,24.99853092,0.001475558,0.007541031,0.071770699,0.002613563,0.013217116
36027070201,2.879811417,24.99915123,0.001471887,0.20493744,0.001019876,0.067807009,0.001000502,0.01063063
36027140500,2.448797618,24.99780858,0.002523388,4.404297926,0.001004181,0.10057501,0.00101328,0.010082888
36027140602,2.412463979,24.99477901,24.9988874,0.466483063,0.001007103,0.087978248,0.001027094,0.010022063
36027140801,3.229526587,24.99903571,0.00180389,0.717894105,0.001035282,0.062909673,0.001003922,0.010057449
36027190301,1.825692372,24.99955697,17.66297365,4.999513713,0.005577321,0.100614354,0.004147655,0.010089336
36027210201,1.713007713,24.99775799,12.75923195,0.001294888,0.004676109,0.112056638,0.001005276,0.01004014
36039080100,2.395455619,24.99949612,24.9987537,2.715493902,0.001004452,0.079256202,0.00101684,0.010004536
36039080600,1.9938631,24.99949236,24.99963813,0.001022472,0.001002929,0.100770661,0.001000845,0.010257565
36039080700,1.731905371,24.99928055,1.746622774,0.895985949,0.013072362,0.071109715,0.005028334,0.010049014
36039080900,1.698947644,24.99958773,1.705589838,0.954410474,0.019542662,0.07923072,0.010629321,0.01012509
36047004400,3.064691199,24.99921256,24.99978576,1.824296168,0.00103047,0.0503724,0.001010497,0.048102779
36047004600,2.429837688,24.9998767,0.00184927,2.392038827,0.001011321,0.065077748,0.001007888,0.012628481
36047016800,2.644863222,24.9980167,24.99773296,3.492314941,0.001034367,0.057610595,0.001008853,0.02206878
36047033600,2.077803298,3.786522271,5.202635714,4.94108728,0.413070452,0.019771137,0.03405976,0.010002353
36071010102,1.687111667,24.99896124,7.247571685,0.001124995,0.006101049,0.101992186,0.001012617,0.0103739
36071010200,2.523791515,24.99721498,24.9991975,3.206913756,0.001138309,0.087528374,0.001031538,0.010004901
36071012700,2.475084752,24.99989604,0.001124004,2.461754676,0.001048094,0.062936924,0.001015771,0.010456346
36071012800,1.87052809,24.99810643,24.99690032,0.001085074,0.001,0.075970449,0.00101876,0.010444069
36071012900,1.527581581,24.99893657,24.99882987,0.00130393,0.001185923,0.089115574,0.001845998,0.010019746
36071013100,1.763089674,24.99928752,24.99710661,0.001120947,0.002704678,0.072896212,0.007330593,0.010504832
36071013700,2.291880407,24.99671645,0.001419265,1.010659821,0.001004359,0.076659122,0.001004712,0.010116789
36071013800,2.234297001,24.99904918,24.99996657,1.618461516,0.001630081,0.082466514,0.299996792,0.015293248
36079010600,1.664939152,24.99989132,24.99907728,0.001076708,0.002482393,0.079621733,0.014669855,0.010074743
36079010700,1.969566956,24.61687445,0.001156965,4.997659065,0.048621214,0.077313693,0.084458765,0.010064126
36081091601,1.581993105,5.550913562,5.534557253,0.001005602,0.999944696,0.001010526,0.282273711,2.386764984
36083040800,1.763032887,6.78052028,0.003922718,4.513813182,0.002908787,0.026607235,0.050766138,0.016142302
36083051600,1.94708483,24.99919343,3.143378907,4.937228091,0.006319038,0.098718895,0.299967502,0.010015568
36083052301,2.452150687,24.9997445,0.003868669,3.12612037,0.001053412,0.107807879,0.001002594,0.010015969
36083052404,2.522991802,24.99552545,5.361857762,4.827223578,0.005947202,0.126996612,0.003460186,0.010136504
36083052501,1.762560671,24.99807968,3.669152171,0.001011823,0.001026531,0.1075782,0.003238758,0.010093438
36085009700,1.866970474,24.77408606,18.87946516,0.001371954,0.011490427,0.065212426,0.138838562,0.041664828
36085011201,2.083893303,20.09870646,3.815503473,0.004855743,0.996169036,0.050071768,0.036478338,1.250870525
36085011202,2.047920568,16.26996993,3.615665592,0.001301788,0.999932987,0.001000867,0.299982445,1.911087741
36085012804,2.111586991,3.056629638,3.016585733,4.570049038,0.993083998,0.003596988,0.046996093,0.011998456
36085012805,1.480973241,7.558925914,24.99704122,0.001812816,0.173979088,0.133762939,0.1424243,2.998421722
36085015603,2.074036382,4.774584941,3.121591729,4.912273876,0.376304065,0.010629636,0.047823003,0.722527008
36085017600,1.824542195,12.93549166,5.506669596,0.001330199,0.046764907,0.0398776,0.080628767,0.10166871
36085019800,1.721050211,14.72764601,24.99886657,4.99589547,0.004858928,0.044094893,0.033122561,0.050516247
36085020801,2.848837149,24.99961662,24.99995295,1.26446672,0.001125319,0.082393414,0.001006415,0.010575645
36085022300,1.886488715,24.99980836,21.18355008,1.341182083,0.011523326,0.091975071,0.010983766,0.01
36085022600,1.858637143,24.32963089,24.998846,4.999925417,0.002648942,0.0730969,0.006493361,0.012148291
36085024401,2.063215086,24.99720543,24.99976772,0.001,0.001004917,0.05720537,0.001001272,0.027598555
36085024402,2.066279425,10.75082045,8.65561851,1.798278423,0.091453501,0.029568917,0.057998641,2.999454007
36085024800,2.0325148,24.98757278,12.79128497,0.001398356,0.01477126,0.080640862,0.20241041,0.010110353
36085029102,2.093034581,16.64155283,10.12814568,0.001986672,0.044610787,0.054451168,0.076606125,0.033637658
36087010101,1.626939055,24.99431981,24.99992979,0.001064218,0.001009008,0.075580091,0.001015825,0.010232813
36087010200,2.091139994,19.61727784,3.719057182,4.797886301,0.053478721,0.060923713,0.080630202,0.010104556
36087010602,1.757028874,24.99933562,0.219808386,0.001072846,0.117052658,0.075141673,0.032251735,0.010035186
36087010902,1.889245378,24.99858477,0.003790145,2.246456073,0.001057111,0.074019466,0.01177797,0.010033201
36087013100,1.35794909,24.99970482,7.214335025,0.007814161,0.009635055,0.108073831,0.083555108,0.010174701
36087013300,1.835392511,22.63816791,13.01075248,0.00175867,0.05941075,0.055037978,0.108446621,0.22484898
36087013402,1.365091084,24.37287608,13.11265014,0.001082374,0.013661848,0.096341906,0.029302686,0.015600487
36111950100,1.684277541,24.99958194,7.513877532,0.001797383,0.010384551,0.085731844,0.02902303,0.01
36111950200,1.832399612,24.99959273,0.816386923,0.034700286,0.072147209,0.073374801,0.00502278,0.010179561
36111950300,2.695925152,24.99924621,24.99968229,0.93525464,0.001021115,0.077426981,0.001003925,0.01025326
36111951400,1.641295209,24.99897596,0.222115055,4.859938133,0.107957965,0.066452223,0.013485291,0.010593009
36111951700,1.732594544,24.99895633,3.987921877,0.001176716,0.032663394,0.091092747,0.013814723,0.010146258
36111952500,1.860201612,24.99999784,24.99962482,4.999640326,0.001301768,0.118323251,0.001016439,0.01014277
36111953700,1.801199706,24.99957612,24.99959965,0.001038593,0.002304777,0.086857215,0.059351705,0.010052341
36111953800,1.644959061,24.99935146,5.985096135,0.001340421,0.003720185,0.106597526,0.015115243,0.010109568
36111954900,1.68790586,19.12824697,1.9022889,0.001539166,0.017927134,0.050172806,0.009155972,0.010289137
36119011300,1.779208763,23.74102468,10.63600609,0.001172212,0.014212224,0.068614839,0.073628936,0.010036325
36119011400,1.910878342,24.99837653,8.602816778,4.999324864,0.004122138,0.095832967,0.001082653,0.010048506
36119011500,1.783548932,24.99872083,11.62576053,0.001046592,0.007409093,0.091149958,0.001006854,0.010147603
36119011700,1.802046383,24.99897311,24.99946594,0.827241828,0.001230811,0.072514805,0.055348799,0.010015016
36119013304,2.678881721,24.99978238,0.001063612,3.521059043,0.001042669,0.088350741,0.001010406,0.010060028
36119013600,1.860011973,24.9984888,2.517785914,3.509554208,0.016401681,0.076305217,0.001031578,0.010074887
36119013800,1.957366104,24.99887048,24.99816971,0.001054349,0.001002237,0.064725386,0.001008512,0.010148213
36119013900,2.362708697,24.99955896,24.99819823,3.185817947,0.001009259,0.065399857,0.001012884,0.010064275
36119014000,2.737237266,24.9999559,0.001073888,3.691654273,0.00100805,0.059606655,0.00100628,0.010051918
36119014100,2.11293248,24.99937171,6.066739444,0.004977261,0.003766963,0.127588098,0.020672248,0.010338981
36119014200,1.899309698,24.99993817,0.704490645,0.28508984,0.026891351,0.083555081,0.006490262,0.010063978
36119014604,1.818180391,24.58760007,1.553418985,4.811735527,0.012768921,0.082187822,0.073446443,0.012761981
36119014701,1.719558693,24.99960712,24.99917219,4.999518794,0.001829796,0.080219379,0.028584617,0.010083512
34003013001,1.927866943,18.85867885,4.04013197,0.001251792,0.068825454,0.061710327,0.15584963,0.016618263
34003013002,1.890728532,24.71504007,7.892082941,0.527645665,0.029162877,0.054133124,0.005841736,0.21830113
34003019102,2.397744566,24.99984091,0.004558668,1.321257736,0.00101171,0.154215591,0.001003423,0.010110337
34017005802,1.068956647,15.92209089,19.68912097,0.001087076,0.0146056,0.091921685,0.299993369,0.570998028
34017010300,1.998220966,24.99935965,17.28553471,0.001171665,0.003797251,0.108375163,0.299997761,0.010004363
34017010400,1.764534603,24.99837535,0.00146628,0.352574629,0.001146052,0.092859311,0.002439809,0.01040072
34017015001,2.444187051,20.33928192,24.99955999,1.785583296,0.001153977,0.060596654,0.14582058,0.010223807
34017015201,1.949219535,13.81682972,24.99770289,0.001151562,0.001421499,0.042318748,0.001003387,0.035589177
34017015801,2.129949779,22.06377861,0.003007382,1.374859462,0.137910219,0.072929365,0.299985727,0.012520938
34017017900,2.171285811,21.46485574,5.364976674,4.559205581,0.107391212,0.050586579,0.299994995,0.067853114
34017018302,1.991662899,20.79718303,0.001113201,4.999899997,0.010968859,0.052482486,0.077434224,0.046470202
34023004500,2.355093133,24.99891807,0.00291218,1.350034772,0.001091935,0.080535552,0.001009841,0.010064902
34023004600,1.515326311,24.99948669,1.938244007,0.005596687,0.007541987,0.139519392,0.161544179,0.0106501
34039030600,2.029765842,24.99999097,0.19904736,4.954443024,0.490863415,0.075251742,0.015978612,0.010023764
36001002500,1.548320402,20.13935579,1.505397468,2.966285821,0.003666186,0.048383097,0.014976937,0.025850793
36001002600,2.542685544,24.99985685,0.00347988,3.519755349,0.001003756,0.054465957,0.00100323,0.010450597
36001013200,1.767879192,17.65363835,9.624815735,0.002799475,0.00817547,0.036757378,0.001001983,1.15387916
36001013601,2.489294673,24.99777047,20.18793579,2.669561468,0.001008456,0.091791725,0.00100093,0.01022972
36001014301,1.815286989,24.99837726,19.69727149,4.999738498,0.005076937,0.087205051,0.001700471,0.010534922
36021001200,3.077342147,24.99896763,0.00412827,3.04129417,0.001002617,0.109247036,0.001004916,0.010253571
36027070101,1.815995164,24.99948442,24.99934187,4.999696217,0.004638456,0.084081684,0.022153245,0.010043792
36027070401,2.31570263,24.9980686,24.99918273,2.044844025,0.001011045,0.071369066,0.001012835,0.010540853
36027140101,1.760497383,24.99969251,1.43081148,0.13356735,0.006480224,0.091099936,0.006383926,0.01007849
36027150003,3.402489457,24.99908742,0.002010888,4.14049038,0.001025896,0.074568128,0.001003895,0.010020021
36027160003,1.911460232,24.99988997,24.99950338,0.001091412,0.001003389,0.075338318,0.001009442,0.010462027
36027220100,2.173696455,24.99898436,2.919209827,4.688934746,0.011156379,0.104233849,0.299979569,0.010178812
36027220700,2.558561959,24.99826255,0.001705284,3.450085984,0.001068493,0.069430267,0.001008333,0.01039916
36039081000,1.599540964,24.9997204,2.172294044,0.004205468,0.085085125,0.080097638,0.008444878,0.010116014
36039081102,1.664665122,24.9995605,2.27509513,4.999958727,0.05084695,0.073706451,0.015063081,0.010050281
36047003800,2.338793035,24.99977584,0.002386269,4.86878411,0.001017972,0.071956567,0.001010024,0.010118974
36047005000,3.161437211,24.99916963,24.99963903,3.141027845,0.001051213,0.050382728,0.001011015,0.052394612
36047005300,2.120907626,5.010484435,4.549263054,0.518734982,0.606469883,0.03128538,0.156934989,0.01302346
36047017400,2.463552113,24.99971041,24.99753908,3.840934388,0.001004792,0.057560048,0.00100387,0.036017897
36047061600,2.329198232,4.444885749,16.46353103,2.98279655,0.190867722,0.007638678,0.034320694,2.451483003
36071000100,2.274416401,24.99956992,2.417696196,2.51433562,0.005286372,0.109750373,0.001070826,0.010060863
36071000400,2.111820268,24.9997202,0.002161406,4.999271434,0.019531485,0.116425498,0.099944195,0.010348099
36071013600,2.443226493,24.99974289,0.002034862,1.230445819,0.001035665,0.100617721,0.001006429,0.010066552
36079010800,1.800703969,21.66476163,17.65946265,0.001234634,0.008873109,0.063785688,0.026040116,0.018805821
36083040400,2.601391194,24.999582,3.967335458,3.25834773,0.01326877,0.100341713,0.003496463,0.010129304
36083040900,1.751338325,5.777323506,0.001017298,0.001038255,0.045166173,0.020534607,0.031404015,0.01902501
36083041000,1.681854235,19.98589432,0.002948621,4.97419482,0.003132123,0.034550855,0.029902507,1.205777917
36083051500,1.699223576,10.82776061,0.001867121,0.001854813,0.021009865,0.024956689,0.010120226,0.973621716
36083052503,1.552010336,24.72794713,15.40142121,0.002543381,0.003310494,0.044697453,0.029713611,1.325780667
36085007000,2.00308738,8.376935148,6.473449253,4.999180179,0.142427256,0.024303168,0.022186118,2.630674832
36085007400,1.388027954,8.146259208,11.22840276,1.986954997,0.083574758,0.061871832,0.017900927,2.998923514
36085020700,1.827229199,24.99964873,2.692966715,1.577925329,0.048917912,0.084560943,0.005613811,0.010002494
36085031902,1.929302268,24.99592575,6.016972393,0.001348953,0.019461187,0.100250572,0.200531737,0.010037066
36085032300,2.112830153,24.99995203,23.23432252,0.001057852,0.006903813,0.091466059,0.003168943,0.010065465
36087010701,2.216827742,24.99797998,24.99829743,1.511758831,0.001003597,0.100147436,0.001004793,0.010029013
36087011000,1.905544449,24.9999461,24.99979028,0.001120992,0.004354431,0.071851548,0.001001661,0.010295285
36087013003,1.866772061,22.89602236,8.934350278,0.501042408,0.017302963,0.055032887,0.137420693,0.076011572
36087013200,1.792838083,24.99902186,9.900204706,0.001007849,0.01210281,0.079157243,0.001004053,0.010757581
36111951300,1.860342301,24.99983076,2.67254699,4.999621758,0.020148349,0.062981644,0.046409971,0.01
36111952600,1.710989236,24.99956783,0.001394866,0.001027627,0.00119951,0.058007383,0.001029594,0.010123734
36111953600,1.664887553,24.99979492,7.164354804,0.001155262,0.007392133,0.086233073,0.016053975,0.010522548
36119010300,1.894068453,24.99972164,0.10839897,4.999773435,0.013895466,0.095782546,0.051930782,0.010067504
36119010400,2.038867637,24.99978892,4.374803695,0.001619233,0.011478838,0.095844447,0.299973597,0.010011081
36119010500,2.607696679,24.99837902,24.99914794,1.33688639,0.001052162,0.086379696,0.001004076,0.010227643
36119011800,1.353138525,24.99854179,23.03819029,0.001377343,0.005862629,0.072429235,0.015462063,0.010327371
36119013201,1.7429009,18.6458994,24.99919447,0.001338449,0.001958554,0.056329016,0.001024534,0.013268347
34003019202,3.381289135,24.99986383,0.00130444,2.452868073,0.001069376,0.07744538,0.001000187,0.010298791
34017007400,2.149427247,24.9562754,0.001356494,4.265232601,0.063568876,0.093717396,0.127508743,0.010817041
34017007600,1.387720603,24.629043,7.314844372,0.001080331,0.018274984,0.085009798,0.061924725,0.021506916
34017007700,1.192803281,24.99838481,3.030786856,0.001582288,0.019293019,0.099547562,0.018229445,0.010437684
34017011600,1.815020346,24.99877794,19.42769343,4.999830079,0.010931948,0.086981296,0.014152533,0.010581153
34017014101,2.098024034,24.99623263,0.660694599,2.045579756,0.095533238,0.085724056,0.114739816,0.010054531
34017018301,3.386212336,24.99988479,24.99971051,2.770439867,0.001008442,0.049113474,0.001000662,0.223645115
34017018701,2.172833845,24.99742227,5.201705377,4.829407489,0.027423016,0.079182135,0.018487107,0.010208063
34017019300,1.905535587,6.093488609,0.11811895,0.572086564,0.193332011,0.023595338,0.041002874,0.018803559
34023004900,1.69487655,24.99979524,0.637815179,3.429739559,0.140918923,0.107235003,0.014677086,0.010043054
34025802000,1.674467337,16.96230865,0.002191535,0.001756458,0.104911751,0.051703024,0.064019235,0.010248046
34039039800,1.991389233,24.99926275,1.297925547,4.99957381,0.203078812,0.073652143,0.299989138,0.01
36005029301,2.280571569,24.99979656,0.00121671,4.242395368,0.001001881,0.09145423,0.001011332,0.011175156
36005032300,1.903288471,24.99446158,5.783992676,0.001031183,0.001028453,0.122053598,0.001003584,0.010002637
36021001300,3.390568841,24.9994523,24.9995581,2.895266071,0.001002934,0.08387161,0.001000352,0.010383711
36021001400,2.795719154,24.999814,24.99936929,2.63527492,0.001111441,0.081128078,0.001445712,0.010555117
36027060100,2.821494328,24.99951568,0.001984324,3.516460739,0.00103073,0.06596141,0.001044306,0.010078614
36047000700,2.798878192,23.17972064,0.002140908,4.070939009,0.045313376,0.074659123,0.150098783,0.010293431
36047004700,2.857131518,20.443426,16.33270827,1.347200269,0.019355949,0.091338026,0.00189626,0.011743706
36047005201,3.195140841,24.9998304,24.99829918,4.164906492,0.001044987,0.062928276,0.001052351,0.010121779
36047005202,2.807968382,24.99991082,0.001363328,2.678401938,0.001010657,0.064924664,0.001013608,0.010173931
36047005400,2.614350661,24.99487587,24.99751952,2.92576148,0.001004233,0.067116271,0.001000207,0.01006543
36047005601,2.94806832,24.99899679,0.003344062,0.365853359,0.001017666,0.06292427,0.001001437,0.010219773
36047028000,3.009400816,24.99695799,24.99549543,2.180086373,0.001004644,0.06834623,0.00101199,0.01000393
36047028200,2.685310107,24.99910748,0.001049984,1.05225753,0.001005472,0.066117204,0.001002764,0.01
36047031400,1.927305771,24.99958368,24.999261,0.001545528,0.005169882,0.080740751,0.001000728,0.010140254
36047061002,2.166420251,21.61506199,3.599081098,0.404444725,0.048244898,0.063845818,0.070949572,0.019005946
36061000900,2.136382109,14.00160007,1.096623952,4.427566593,0.425747304,0.052510119,0.076262325,0.041685972
36061003700,3.279959056,16.40494228,24.99939996,4.327086559,0.013810134,0.058259305,0.011805649,0.014933622
36061003900,2.16963278,20.83533713,9.676844246,4.915891272,0.036996516,0.071340137,0.113516285,0.014892139
36061007500,2.797131498,24.99713786,24.99825262,3.605813485,0.011313289,0.07312188,0.007111088,0.010225912
36061007900,2.168505601,24.99991244,4.619578082,1.024234736,0.062676782,0.071904415,0.054571947,0.010262108
36061009900,2.158003732,11.69883283,2.317321212,1.2031382,0.198671611,0.055994106,0.090145726,0.014711831
36061012900,2.688671755,24.99995268,24.83019057,1.039187927,0.001003771,0.153381939,0.001013021,0.010013012
36061013500,2.173798568,24.99849429,0.348349834,4.999993567,0.032078791,0.174670397,0.036064586,0.01
36061015100,2.935793781,24.99930034,0.00382209,0.394024045,0.001066109,0.060990861,0.001028242,0.010161015
36061015500,3.388002297,24.99841281,0.364013483,2.932221316,0.001009277,0.14757313,0.001005149,0.010121152
36061015900,2.771640595,24.99946177,0.002110737,3.031152087,0.001024766,0.111442429,0.001000607,0.010105887
36061016300,2.891230633,24.99902708,0.001692928,4.609937981,0.001057848,0.099649458,0.001004962,0.010018325
36061016700,2.807906047,24.99976619,0.001482356,2.679787154,0.001020059,0.119939517,0.001017896,0.010280616
36061017100,2.769958767,24.99991461,0.002451323,1.083978142,0.001009536,0.111771231,0.00101438,0.010123791
36061017900,2.290749078,24.99837004,0.001432144,3.327704734,0.001060997,0.099338438,0.001014943,0.010003893
36061018300,2.174423931,24.99977075,0.003353934,3.195468571,0.001034612,0.161101405,0.001003673,0.010065229
36061018700,2.345470997,24.99733218,0.001449689,1.620418121,0.001165775,0.180268264,0.001024068,0.010066929
36061019100,2.646253751,24.99948427,0.001202917,1.682133215,0.001025951,0.067132033,0.001031488,0.010101415
36061019500,3.080014018,24.99732658,3.916868167,2.616263813,0.001008631,0.111937992,0.001002947,0.010081308
36061021900,3.384033654,24.99916302,0.001575495,2.330497088,0.001012203,0.075893935,0.001016055,0.010313905
36061022900,3.415399001,24.99934328,0.002185754,4.392891521,0.001007069,0.118325536,0.001016624,0.010052185
36061023300,2.662480489,24.99990373,0.002838034,0.121574508,0.001001093,0.094718739,0.001003186,0.010084844
36061023700,3.010162996,24.99933082,0.001602471,1.037602448,0.001043871,0.290631621,0.001006275,0.01
36061024100,2.525429176,24.99701832,0.001686039,2.424957561,0.001009916,0.111699998,0.001023675,0.010066212
36061024700,2.759223568,24.99908698,0.001375518,0.867487472,0.00102152,0.154567924,0.001018119,0.010031164
36061027300,2.577312386,24.99847671,0.00138937,3.406188533,0.001011347,0.290108478,0.001018853,0.01032098
36061027500,1.591481838,24.99773649,0.002291851,0.001089175,0.001830685,0.155647649,0.006287048,0.01
36061031703,1.911149578,24.99796573,24.99898843,0.001027297,0.001017466,0.145974137,0.001000951,0.01
36061031704,1.840039423,24.99717429,6.805220852,1.878855096,0.00390127,0.076294269,0.096811515,0.020107233
36071000501,3.158535021,24.99943819,0.001275484,2.413267385,0.001025276,0.11835827,0.001048603,0.010275055
36071000502,2.482630883,24.99834257,0.001515544,2.067944207,0.001044717,0.290462906,0.001017811,0.010244437
36085000600,2.089033996,24.99972975,1.087597927,4.999866446,0.067086311,0.08247963,0.090208183,0.010148728
36085000700,2.113128466,24.99805502,14.23292467,0.001013881,0.001027348,0.158233596,0.001046788,0.010037891
36085002100,1.757033871,24.99967916,5.701393806,0.00102906,0.024975306,0.089431204,0.083746882,0.010259877
36085008100,2.682692818,24.99679693,8.338471757,2.282201233,0.001026705,0.104795509,0.00115754,0.01
36085012806,2.063563285,8.353534589,3.990301174,0.003354842,0.242117493,0.025494565,0.29999472,0.718632416
36087010703,2.507206261,24.1106271,0.001330775,1.686074384,0.001,0.048262304,0.001016883,0.05688012
36119000103,3.16580329,24.9975718,0.002462836,2.461464791,0.001035659,0.116550789,0.001006426,0.010030914
36119000202,2.474042914,24.99978309,0.003998586,1.663164546,0.001029366,0.064955449,0.001014586,0.010219593
36119000203,2.222465074,24.99978025,0.001012702,1.523748694,0.001068997,0.157821331,0.001021171,0.010049968
36119000401,2.032720243,24.99961088,0.710643603,0.003852594,0.085284216,0.103158571,0.299978864,0.01000131
36119000402,2.30243873,24.9984432,0.002500543,1.435484201,0.001016648,0.092213955,0.001038136,0.010298171
36119000701,2.352024155,24.99895378,6.047844826,0.392515906,0.001004901,0.085820375,0.001025524,0.010336045
36119000702,2.9188528,24.9996049,0.0019805,0.849160409,0.001042406,0.071903602,0.001013382,0.010098058
36119013301,1.680094757,24.99960814,3.770414201,0.001917141,0.022697458,0.110859783,0.00226266,0.010331292
36119014605,2.303978948,24.99920397,24.35903618,0.585137214,0.00105688,0.120292548,0.001000633,0.010004877
36001001100,1.706111798,24.99930974,2.299572114,0.001202111,0.050356324,0.073545408,0.024006715,0.010218897
36005030100,2.624338662,24.99991606,0.0015298,2.375201114,0.00104983,0.089872093,0.001000539,0.010011801
36005030900,2.9459789,24.99952284,0.001209791,1.833336405,0.00113451,0.080545738,0.001008041,0.010078083
36047000301,3.382620839,24.99680987,0.003473552,2.393499283,0.001001433,0.067094259,0.001027431,0.010003649
36047003400,1.906495011,24.9978977,4.110213299,4.999823735,0.011299383,0.083546571,0.086531505,0.010085134
36047005602,2.609514209,24.99977541,0.001467776,1.971177367,0.001,0.064970364,0.001000132,0.010208675
36047016200,2.358706695,24.99856124,0.002164186,1.65491034,0.00107824,0.081013317,0.001003857,0.010453471
36047017600,3.253142155,24.99871123,24.99941762,1.081917362,0.001029707,0.061054308,0.001003371,0.017741991
36047028600,3.392058635,24.99942703,0.00247542,3.631759813,0.001030863,0.089509746,0.001000714,0.010018855
36047029200,3.205008528,24.99768187,0.004599878,1.658319123,0.001001287,0.061000252,0.001002687,0.010112536
36047030400,2.121919265,24.99951944,24.99945444,2.64417271,0.010081839,0.077281776,0.0856979,0.010054412
36047033000,1.540890773,9.629428494,1.013335583,3.797349168,0.999881066,0.074615123,0.047487771,0.010156447
36061000700,2.125332912,24.99984797,1.183617822,0.251990416,0.06890834,0.102895774,0.027363427,0.012227642
36061001300,2.093199396,24.99943721,0.523227699,1.287357639,0.197791155,0.082630676,0.026659885,0.01
36061006900,2.172685283,24.99495086,6.535814191,0.899794732,0.062229311,0.058669044,0.016760886,0.035334386
36061017500,2.524264919,24.99939934,0.00261954,2.767203746,0.001110952,0.195898671,0.001012247,0.010212946
36061019900,2.401192738,24.99769137,5.916326472,3.509888895,0.001010707,0.09151625,0.001022927,0.010593226
36061020500,2.502063401,24.99990155,0.002859421,4.526966784,0.001032511,0.134994923,0.001,0.010088086
36061021100,3.286378425,24.99418694,0.001334202,4.068457934,0.001010179,0.143547084,0.001005357,0.010018255
36061022301,3.497452463,24.99838913,7.054001003,0.949578635,0.001918151,0.154352699,0.031362347,0.010084022
36061022302,3.444648532,24.99736304,0.002442701,3.370016703,0.001029976,0.107352369,0.001028847,0.010257074
36061022500,3.262116217,24.99990838,0.001805841,2.833346471,0.001023066,0.120890685,0.001015156,0.01002771
36061026500,2.73804181,24.9985171,0.002273638,0.968686274,0.001026889,0.114397188,0.001005017,0.010216649
36061028700,2.780969,24.99906815,0.004319975,2.257972623,0.001023395,0.095843727,0.001006898,0.010079187
36083040700,0.956193758,24.99865029,3.983327789,0.001071418,0.021434289,0.117553852,0.027515143,0.010051992
36085000300,2.168223225,23.706343,1.795183977,0.035713388,0.259170317,0.079971301,0.093462449,0.010354254
36119011600,2.338336987,24.99963983,0.001299125,1.977300861,0.001023691,0.059221867,0.001001461,0.010686373
36047029400,2.833350984,24.99794203,17.78481219,2.427749109,0.001140695,0.04912661,0.001006977,0.087749515
36061025500,2.335656978,24.9996327,0.001861212,0.37580944,0.001027031,0.265168979,0.001000369,0.010077391
9001011000,1.843869335,3.848739863,16.63794877,3.378754149,0.068197009,0.004913802,0.005800446,2.813736018
9001011100,1.721505317,24.99987264,24.99849744,0.001572559,0.006173229,0.072774906,0.001004311,0.010458023
9001011200,1.694933227,6.298016738,24.99978732,0.00165967,0.017767194,0.017739713,0.002723698,2.999118196
9001011300,1.840680412,24.04322478,20.96168054,0.236642379,0.012309746,0.056149707,0.018148058,0.11942402
9001021900,1.80892133,16.77348662,2.925750082,1.734950731,0.045885837,0.04630488,0.079463179,0.03806718
9001022100,1.630770368,24.99834483,2.500646898,0.00121462,0.025505317,0.07780584,0.022182906,0.010427832
9001022300,1.891940044,8.592328706,4.530506424,4.624575818,0.055539305,0.029740513,0.004780912,0.022046475
9001022400,1.802172272,19.95837467,4.806458774,4.999328465,0.086823874,0.011893956,0.071143362,2.224959613
9001030300,1.924642488,11.77358434,9.959317335,4.947334047,0.056186193,0.004882543,0.0185026,2.670999639
9001044300,1.997324772,5.800330027,8.085495297,4.600217308,0.070430306,0.019781279,0.048300542,0.024897963
9001044400,1.863382722,8.879705593,2.690470457,0.003802336,0.496044352,0.030574878,0.299928266,0.280249179
9001044600,1.878783694,4.507241361,7.667308583,4.908068065,0.083256542,0.008626699,0.02010049,2.999365612
9001050500,1.799766052,5.252946302,1.318998794,3.318430315,0.058619056,0.012216683,0.007002595,0.162043205
9001050600,1.799132305,7.159444232,0.742526642,0.001178776,0.026226351,0.021303304,0.001004419,0.045947012
9001060600,1.792802981,9.935139454,24.99950038,0.001753846,0.015011856,0.033679449,0.001012311,0.070891359
9001061500,2.065059941,24.99832992,7.637910492,4.411693184,0.372866961,0.085173486,0.033252773,0.012849607
9001061600,1.825733849,6.609898265,15.30809937,4.245014201,0.115518196,0.039499856,0.035442754,0.017103689
9001070100,1.579931562,19.24716082,11.80654579,0.001183407,0.029409175,0.050728893,0.094501913,0.566036176
9001074400,2.026787159,23.23244332,2.076369693,0.001545789,0.162899387,0.065507835,0.135167981,0.010155591
9001080500,1.651174582,6.250640578,8.753809217,4.999960253,0.07529794,0.027173217,0.050342931,0.035417911
9007610100,1.888475759,8.252297064,20.28524493,4.219587247,0.038931246,0.026009662,0.052897711,0.575713976
9007610200,1.739092361,7.590176125,13.51448842,4.999941612,0.061947993,0.024366514,0.031189728,2.999548027
9007670100,1.77895569,9.108943635,11.70110169,0.733524079,0.08934391,0.029480273,0.017751383,2.114330322
9007670200,1.835037074,4.535918571,24.99855143,0.002168705,0.039448228,0.010772419,0.064545653,0.538425255
9007680100,1.762968289,11.73351719,8.385301235,4.99958972,0.070353105,0.021497628,0.021341493,2.515059034
9009142800,1.501554256,8.451638468,0.001470526,4.999905787,0.008879367,0.015991024,0.004981572,2.234504944
9009150100,1.817188383,24.99975585,7.447692325,1.52324071,0.016597447,0.061836572,0.00634827,0.015956156
9009150200,1.035768551,6.476370521,14.48470281,1.316620135,0.073637535,0.129255792,0.085572099,1.350708807
9009150400,1.783883537,8.248524935,5.290502909,2.919011143,0.212312601,0.026476265,0.030592649,0.489676512
9009150500,1.860243618,15.7472337,10.82215448,4.999783329,0.070809519,0.025625933,0.007690193,1.806801234
9009150900,1.697469689,8.990462494,24.99643095,0.955609605,0.011590541,0.03879159,0.013539215,0.014027453
9009151000,1.153487719,4.338450001,14.14468057,4.999774256,0.062007849,0.044046178,0.001001953,2.999802691
9009151100,1.72171244,6.770133046,2.363906774,4.381293101,0.087058607,0.018671569,0.039956474,1.452913272
9009154500,1.722639223,24.99984077,3.573690834,0.002165346,0.015494392,0.095958352,0.001011827,0.010081918
9009154700,1.77026571,23.95401849,8.149928698,0.0010563,0.017972594,0.045316724,0.053293813,0.218008974
9009154800,1.396851415,24.99941068,17.92886797,0.809691307,0.004408055,0.080859043,0.054781868,0.010172988
9009155000,1.701924515,22.34840916,0.002744959,4.997813521,0.027817911,0.030580725,0.025961914,2.746916187
9009180100,1.312853575,8.220383129,7.263554215,4.99981207,0.114213834,0.074229229,0.001001186,2.937756492
9009184300,1.72515466,14.00348711,18.00417693,0.003816905,0.02415034,0.038445407,0.004338004,2.999801927
9009184400,1.763159281,6.393525099,9.839259955,4.999865904,0.074630288,0.018994111,0.044477119,1.82754673
9009184600,1.762932481,7.781737046,13.94316558,4.999952443,0.020702164,0.027249334,0.062408511,0.074756441
9009190100,1.673730039,4.978608391,0.003231822,4.994511299,0.05042031,0.015919372,0.026105313,0.01844536
9009190200,1.737002986,8.93386719,11.26122858,4.998486764,0.026105812,0.029329419,0.063209608,0.121538287
9009194100,1.723189711,6.392424571,8.436623475,4.999827736,0.065524278,0.018891367,0.007854656,1.089980212
9011660101,1.863582487,9.231426814,24.9986128,4.999746724,0.01094427,0.029625105,0.006860849,0.087294144
9011660102,2.047393639,8.976091068,6.028495626,4.999755052,0.098543311,0.032399158,0.125570172,0.073102604
9011693300,1.789136475,11.28115201,24.9997581,0.002562483,0.006413656,0.043864183,0.001011125,0.012336067
9011693500,1.967403824,12.73070005,23.84856264,0.001152878,0.015649048,0.033744523,0.001013103,2.999598405
9011702600,2.067322076,16.37236495,11.67414517,4.999938177,0.049261273,0.0203175,0.095992659,2.020441633
9011702900,2.081276971,4.334268512,0.001641344,0.005270359,0.061367451,0.007987474,0.016403152,0.074568802
9011705101,1.663956498,23.18429555,0.003405068,4.999820887,0.002541151,0.039889369,0.018324116,1.649981297
9011705200,1.779523175,6.019668056,0.00321397,2.55028454,0.018609476,0.014000688,0.017272122,0.264647066
9011870703,1.92800859,13.31912606,24.99387553,0.137155069,0.003036642,0.042335569,0.026877261,0.015581475
9011870704,2.061114419,11.6256227,7.070296267,4.573539325,0.062352876,0.031014862,0.046761731,2.844722434
36005013800,1.770644579,12.32987463,7.355093016,0.011927372,0.042808599,0.035021702,0.013109748,2.0312674
36005016000,1.762542965,13.86853714,4.880215153,0.03196883,0.024426756,0.042660165,0.299035693,0.058612819
36005051600,1.764668603,10.12387889,13.9248498,4.999688987,0.024824312,0.03016478,0.083176726,2.972877242
36059300500,1.466027893,23.49413971,24.99969154,0.00191147,0.001829034,0.041009712,0.008965743,0.86985426
36059301000,1.911275882,24.99390625,24.99949541,4.999716466,0.005067374,0.071393995,0.29992026,0.013226949
36059301101,1.702003533,15.59403405,18.16945217,0.199003121,0.008264969,0.043546658,0.025783071,0.011526907
36059301200,1.653711728,24.99740766,24.99650167,0.1444779,0.003088058,0.054217616,0.007952022,0.021109288
36059301500,1.622422029,19.93361905,0.001196024,0.001433946,0.001033545,0.03127951,0.001006154,0.14295389
36059517101,2.397819024,24.99796142,24.99876582,2.101215895,0.001061892,0.080524211,0.001008932,0.010040358
36059517400,1.521558964,24.99832223,24.99657487,0.00106247,0.001024129,0.063851586,0.001005714,0.01015902
36059517500,2.294997723,24.9999823,0.001457154,4.156330347,0.001018239,0.066292217,0.001015363,0.010051525
36059517801,1.925172856,24.99983675,14.28136992,0.001295908,0.005861212,0.057767251,0.001002566,0.010245588
36059517901,1.780740598,7.10569256,0.00174322,0.001452093,0.020660506,0.023540781,0.073598552,0.024934281
36059517902,1.779834147,4.728663502,0.001289599,4.996504214,0.177559953,0.007644028,0.299968392,1.13993775
36059518000,2.044876773,24.71982711,20.44695827,1.514133738,0.008505105,0.058824306,0.013389427,0.012257299
36059518201,1.983487278,24.99811839,24.99851835,4.679532505,0.002665701,0.053522769,0.080258297,0.010681333
36081099705,1.71068429,24.99810173,24.99784894,0.001397645,0.001865664,0.067670794,0.003677045,0.010020579
36081109300,1.919967512,24.99911865,24.99913776,0.001637167,0.001085145,0.064174544,0.001012427,0.010150256
36081111300,2.593573351,24.99895361,24.99843751,4.224944756,0.00101232,0.068130515,0.00100491,0.010031586
36081148300,1.742578696,5.380302558,4.53332112,2.237833632,0.004626815,0.015790033,0.067651752,0.034230754
36103110101,1.665297272,24.99664343,24.99975469,3.060844665,0.001050794,0.052242406,0.003809704,0.050183274
36103110102,1.962972345,24.99961532,24.99969807,0.001664751,0.001028057,0.068871877,0.001006972,0.010083366
36103110300,1.722740701,13.10252927,8.204916217,3.931982702,0.009617707,0.046568964,0.041564161,0.013112026
36103110401,2.032845674,15.38087654,0.002933812,0.001167668,0.015047337,0.043099129,0.001022265,0.021237909
36103110402,1.664962313,24.99890161,16.40436947,1.015486746,0.003259154,0.070097316,0.001007485,0.010009658
36103110501,2.030150182,10.28943914,5.302584429,3.793501455,0.014525466,0.038024576,0.086310295,0.015716779
36103110600,1.656667018,24.23859016,21.72111802,0.001471203,0.002321574,0.052389628,0.001011221,0.061963106
36103110801,1.906266546,5.788892234,3.406019196,0.006194808,0.09404215,0.014297502,0.084743517,2.996214413
36103110803,1.757486729,14.38620509,0.287161628,0.033220102,0.017929501,0.042296037,0.056895586,0.026308233
36103134703,3.442420322,24.99946334,24.99903869,2.409132842,0.001000262,0.057086709,0.00100944,0.013569262
36103135004,1.939013134,9.861458458,0.001625729,2.13699703,0.006180632,0.037650684,0.087674511,0.016412088
36103158001,1.611730582,18.86528315,24.99916454,0.001031542,0.003513309,0.059351275,0.010656166,0.010234806
36103158002,1.632974258,17.21874541,10.08261639,0.859660623,0.003889222,0.057571434,0.018296301,0.010164644
36103158207,1.985638753,23.42666893,5.699022795,0.001062565,0.004392586,0.063891693,0.033972436,0.01027112
36103158304,1.84963247,24.99909486,4.069501772,1.394176966,0.008255626,0.055751983,0.005304037,0.011326575
36103158317,2.466421192,24.99988669,6.414394302,1.002562526,0.001023291,0.073602705,0.001044436,0.01003358
36103158402,2.973223596,24.99951493,0.00131223,2.652050947,0.001027659,0.070357566,0.001003895,0.01000922
36103158407,2.280780873,24.99935004,24.99958958,1.431327817,0.001012871,0.076223701,0.001008749,0.010054892
36103158408,2.297566165,23.89517699,24.9941073,0.794213665,0.001027795,0.048047963,0.001006456,0.062422589
36103169701,1.69899382,24.99999633,4.29449209,3.98218857,0.005034951,0.057834919,0.005998293,0.01
36103169703,1.786420795,24.19410815,13.00182711,0.001062146,0.00335351,0.061693012,0.024935893,0.010035202
36103169901,1.815124566,24.99942225,9.590235461,2.562585099,0.003950868,0.071289256,0.010679519,0.010141526
36103169902,1.836420371,6.388169501,0.00187613,0.619594008,0.089135522,0.016610857,0.023503494,0.247438557
36103170001,1.81448334,10.24520697,6.090876604,4.925288947,0.025469738,0.029603065,0.059314556,0.278085723
36103170002,1.823562444,6.024016794,6.123002627,0.467122055,0.022652866,0.017574069,0.061730967,0.065309747
36103170201,1.788520387,5.626111129,4.369942669,0.034512064,0.020600515,0.015011724,0.035887985,0.101766498
36103170202,2.035382412,6.245422657,0.005595468,0.003038941,0.054004605,0.016074875,0.01169211,0.192098983
36103180300,1.790585798,24.99883968,2.63223076,3.754046742,0.010401634,0.068798629,0.122071395,0.010006274
36103200902,1.612411933,7.69220825,24.99785468,0.181124747,0.003411271,0.021917307,0.008329757,0.193391391
36103201001,1.773349555,7.223776407,24.99919889,0.001960695,0.006203256,0.019782603,0.001005512,0.721913729
36103201003,1.555772224,4.760059848,0.001229738,0.001270643,0.010823595,0.012004886,0.003991577,0.052303203
36103201004,1.681060171,5.522487139,24.99780918,0.004221084,0.01089142,0.016694672,0.066744033,0.086438289
36119006900,1.887028624,23.50607686,7.558301603,4.999607419,0.02799755,0.048894848,0.076967554,2.54139059
36119007000,1.892414234,24.99994592,7.254854819,0.001399459,0.0113644,0.059955435,0.009400143,0.010245132
36119007100,1.702416164,5.042693739,13.96681657,0.001157555,0.021156547,0.018546105,0.03690972,0.010704394
36119007402,1.737072659,7.368765017,0.95867109,0.333102768,0.0544396,0.015136784,0.01936325,2.044249339
36119007500,1.711709323,10.81381225,9.605639922,0.003225802,0.010798583,0.037588511,0.005775221,0.018155966
36119007600,1.54758749,5.957553168,9.933824026,4.975850206,0.028526606,0.01848106,0.029502808,0.380177778
44009041500,1.855044248,12.23549596,17.23817251,4.999370425,0.004684827,0.041653339,0.044970985,0.027175649
44009051000,2.024166856,3.87981132,0.002223836,0.081875211,0.368893572,0.003653964,0.083988053,1.159039833
44009051101,1.824161835,6.353816092,0.001107824,4.999735167,0.01547849,0.015489709,0.051082578,0.275177906
44009051102,1.851116312,5.724667904,0.002308918,1.484789012,0.028158971,0.015820034,0.021680332,0.072694418
44009051302,1.815632899,4.776005494,0.0011984,0.115490716,0.056640807,0.012153584,0.028471826,0.05442038
44009051504,1.954032045,4.243420228,0.001914143,2.783891845,0.038168155,0.011405593,0.04596552,0.02120821
9001050400,1.780939217,21.41839762,6.517213494,0.001169759,0.109404421,0.004139365,0.133109636,1.922150266
9001070400,1.698640501,24.99870982,4.0002644,0.001248406,0.680964999,0.181736346,0.113140053,0.01
9009140400,1.866435942,17.84490518,5.518749394,1.818924045,0.009258433,0.058534857,0.013560687,0.010026145
9009142700,1.688934576,24.99917069,24.99964584,0.001178192,0.001463277,0.072261574,0.001026736,0.01019019
9011690900,1.705385421,14.21520944,4.964150363,0.00117767,0.035622673,0.042836556,0.023896056,0.050183748
9011705300,1.895408817,5.123698279,0.001014375,1.457204778,0.030123489,0.010926452,0.028323537,0.160346658
36005011800,1.708377039,14.64128641,3.325216899,4.999910578,0.066944047,0.042125742,0.065052334,0.310385469
36005027402,1.635293503,15.19343154,16.63058217,0.597747079,0.011376884,0.040796038,0.122109134,2.123400961
36059300100,1.559416641,5.461702185,24.99517966,0.00135013,0.006005679,0.016882493,0.001010015,0.070450453
36059302000,1.753280827,24.99933616,24.99827276,2.92224868,0.003665002,0.066455798,0.015846266,0.010117096
36059517000,1.737079614,16.46293261,5.455276133,2.15058018,0.027584762,0.038341303,0.00789143,0.669988936
36081099703,2.171733507,24.99971391,10.15021243,3.541297442,0.004748174,0.074313776,0.126527142,0.01004439
36103134704,2.545646148,24.99984703,0.001570625,3.033827427,0.001001091,0.079873578,0.001004972,0.01
36119005902,1.390437796,23.98306079,6.946316411,0.001478105,0.023064353,0.059983123,0.041682967,0.662139337
9009155100,1.831618092,10.96541331,10.38535298,4.970242371,0.057104846,0.033317025,0.00803459,0.363875175
36119005701,1.488938164,24.99881488,7.953077541,0.001424586,0.005000329,0.088762128,0.019769602,0.010464019
36119007200,1.623387153,20.89854989,2.888326514,0.00112821,0.035587845,0.006817241,0.042864082,1.800881098
9001070600,1.803831038,15.5017345,0.441377526,0.001026978,0.513617777,0.066163684,0.051189357,0.011594963
